year,genre,share,track_count,is_forecast,lower,upper
1985.5,Classical,0.5893,1,False,,
1988.0,Classical,0.4137,5,False,,
1989.5,Classical,0.097,1,False,,
1989.75,Classical,0.0622,1,False,,
1991.75,Classical,0.0537,2,False,,
1994.5,Classical,0.0433,1,False,,
1995.0,Classical,0.0315,1,False,,
1995.75,Classical,0.0248,1,False,,
1999.0,Classical,0.0396,1,False,,
2001.5,Classical,0.0325,4,False,,
2002.75,Classical,0.0308,1,False,,
2004.0,Classical,0.0399,1,False,,
2004.25,Classical,0.0608,2,False,,
2004.75,Classical,0.0645,2,False,,
2005.0,Classical,0.0405,2,False,,
2005.5,Classical,0.0193,1,False,,
2007.0,Classical,0.0251,1,False,,
2007.5,Classical,0.0511,1,False,,
2009.0,Classical,0.0489,6,False,,
2010.0,Classical,0.0499,1,False,,
2011.0,Classical,0.0235,4,False,,
2014.5,Classical,0.0335,1,False,,
2014.75,Classical,0.0373,4,False,,
2015.0,Classical,0.0559,3,False,,
2015.25,Classical,0.0698,3,False,,
2016.75,Classical,0.0635,4,False,,
2017.0,Classical,0.0491,2,False,,
2017.75,Classical,0.0291,2,False,,
2018.0,Classical,0.0305,1,False,,
2018.5,Classical,0.0266,4,False,,
2019.25,Classical,0.0361,1,False,,
2019.75,Classical,0.0258,4,False,,
2022.25,Classical,0.0262,1,False,,
2023.25,Classical,0.0144,2,False,,
1980.0,Country,1.0,1,False,,
1982.0,Country,0.75,1,False,,
1984.0,Country,0.5833,1,False,,
1984.75,Country,0.2708,1,False,,
1986.0,Country,0.2083,3,False,,
1986.75,Country,0.1008,1,False,,
1987.0,Country,0.1056,11,False,,
1987.25,Country,0.1324,1,False,,
1988.0,Country,0.1642,4,False,,
1989.0,Country,0.2305,9,False,,
1989.25,Country,0.2673,8,False,,
1990.0,Country,0.3077,20,False,,
1991.0,Country,0.3824,13,False,,
1991.25,Country,0.315,2,False,,
1991.5,Country,0.196,7,False,,
1991.75,Country,0.1372,1,False,,
1992.0,Country,0.1458,11,False,,
1992.5,Country,0.1612,1,False,,
1992.75,Country,0.0855,2,False,,
1993.0,Country,0.2598,5,False,,
1993.25,Country,0.2916,3,False,,
1994.0,Country,0.303,10,False,,
1994.25,Country,0.1647,3,False,,
1994.5,Country,0.1492,5,False,,
1995.0,Country,0.1922,7,False,,
1995.5,Country,0.1689,7,False,,
1995.75,Country,0.2033,3,False,,
1996.0,Country,0.2002,12,False,,
1996.25,Country,0.1895,3,False,,
1996.5,Country,0.1838,3,False,,
1997.0,Country,0.1356,12,False,,
1997.25,Country,0.184,4,False,,
1997.75,Country,0.173,8,False,,
1998.0,Country,0.2661,10,False,,
1998.25,Country,0.1966,5,False,,
1998.5,Country,0.1605,1,False,,
1998.75,Country,0.0944,1,False,,
1999.0,Country,0.1211,11,False,,
1999.25,Country,0.2066,5,False,,
1999.5,Country,0.1713,4,False,,
1999.75,Country,0.1856,5,False,,
2000.0,Country,0.3412,6,False,,
2000.5,Country,0.3314,4,False,,
2000.75,Country,0.3025,4,False,,
2001.0,Country,0.0775,4,False,,
2001.25,Country,0.0763,2,False,,
2001.5,Country,0.0842,3,False,,
2001.75,Country,0.1272,2,False,,
2002.0,Country,0.1306,16,False,,
2002.25,Country,0.1645,3,False,,
2002.5,Country,0.0913,4,False,,
2002.75,Country,0.1051,2,False,,
2003.0,Country,0.1279,11,False,,
2003.5,Country,0.142,3,False,,
2003.75,Country,0.1477,4,False,,
2004.0,Country,0.1402,10,False,,
2004.25,Country,0.1516,5,False,,
2004.5,Country,0.1261,3,False,,
2004.75,Country,0.0882,1,False,,
2005.0,Country,0.1141,10,False,,
2005.5,Country,0.1777,10,False,,
2005.75,Country,0.2371,6,False,,
2006.0,Country,0.1922,14,False,,
2006.25,Country,0.1986,2,False,,
2006.5,Country,0.1232,5,False,,
2006.75,Country,0.1216,4,False,,
2007.0,Country,0.0723,3,False,,
2007.25,Country,0.0771,5,False,,
2007.5,Country,0.0929,2,False,,
2007.75,Country,0.1353,3,False,,
2008.0,Country,0.135,11,False,,
2008.25,Country,0.1235,3,False,,
2008.75,Country,0.1116,3,False,,
2009.0,Country,0.2187,12,False,,
2009.25,Country,0.2856,10,False,,
2009.5,Country,0.2528,15,False,,
2009.75,Country,0.1723,4,False,,
2010.0,Country,0.1012,16,False,,
2010.25,Country,0.1052,2,False,,
2010.5,Country,0.1036,3,False,,
2010.75,Country,0.1587,10,False,,
2011.0,Country,0.1468,20,False,,
2011.25,Country,0.1422,2,False,,
2011.5,Country,0.1033,7,False,,
2011.75,Country,0.1266,6,False,,
2012.0,Country,0.1355,13,False,,
2012.25,Country,0.133,5,False,,
2012.5,Country,0.1173,3,False,,
2012.75,Country,0.1526,5,False,,
2013.0,Country,0.1284,27,False,,
2013.25,Country,0.1488,1,False,,
2013.5,Country,0.0638,7,False,,
2013.75,Country,0.1235,1,False,,
2014.0,Country,0.0955,16,False,,
2014.25,Country,0.1774,3,False,,
2014.5,Country,0.1649,15,False,,
2014.75,Country,0.1835,16,False,,
2015.0,Country,0.1933,7,False,,
2015.25,Country,0.2169,12,False,,
2015.5,Country,0.2697,12,False,,
2015.75,Country,0.2172,22,False,,
2016.0,Country,0.2026,5,False,,
2016.25,Country,0.1434,23,False,,
2016.5,Country,0.1392,8,False,,
2016.75,Country,0.0947,6,False,,
2017.0,Country,0.0819,3,False,,
2017.25,Country,0.0827,8,False,,
2017.5,Country,0.1196,5,False,,
2017.75,Country,0.1471,11,False,,
2018.0,Country,0.1478,7,False,,
2018.25,Country,0.0997,16,False,,
2018.5,Country,0.0533,2,False,,
2018.75,Country,0.0434,1,False,,
2019.0,Country,0.0549,7,False,,
2019.25,Country,0.0997,3,False,,
2019.5,Country,0.1465,14,False,,
2019.75,Country,0.1668,19,False,,
2020.25,Country,0.1347,6,False,,
2020.5,Country,0.1041,4,False,,
2020.75,Country,0.186,15,False,,
2021.0,Country,0.2034,13,False,,
2021.25,Country,0.1973,6,False,,
2021.5,Country,0.0916,7,False,,
2021.75,Country,0.0682,3,False,,
2022.0,Country,0.0756,1,False,,
2022.25,Country,0.1237,16,False,,
2022.5,Country,0.1447,16,False,,
2022.75,Country,0.1968,8,False,,
2023.0,Country,0.1503,26,False,,
2023.25,Country,0.1713,5,False,,
2023.5,Country,0.0771,22,False,,
2023.75,Country,0.069,1,False,,
2024.25,Country,0.0252,2,False,,
2024.5,Country,0.0333,2,False,,
2024.75,Country,0.0366,2,False,,
2025.0,Country,0.1284,2,False,,
2025.25,Country,0.116,20,False,,
2025.5,Country,0.1168,1,False,,
2025.75,Country,0.0237,1,False,,
1981.0,Electronic,0.75,1,False,,
1981.75,Electronic,0.8333,1,False,,
1983.0,Electronic,0.6667,1,False,,
1984.75,Electronic,0.8333,1,False,,
1985.0,Electronic,0.8333,1,False,,
1985.25,Electronic,0.8333,1,False,,
1985.75,Electronic,0.5347,1,False,,
1986.0,Electronic,0.4931,5,False,,
1986.75,Electronic,0.3318,14,False,,
1987.0,Electronic,0.3227,1,False,,
1987.25,Electronic,0.0879,1,False,,
1987.5,Electronic,0.0944,7,False,,
1988.0,Electronic,0.089,1,False,,
1989.0,Electronic,0.1779,2,False,,
1989.5,Electronic,0.1994,7,False,,
1989.75,Electronic,0.2467,2,False,,
1990.0,Electronic,0.1109,16,False,,
1991.0,Electronic,0.3276,1,False,,
1992.25,Electronic,0.2729,3,False,,
1993.0,Electronic,0.3208,2,False,,
1994.25,Electronic,0.0829,4,False,,
1997.0,Electronic,0.0964,2,False,,
1997.25,Electronic,0.0718,3,False,,
1998.5,Electronic,0.0853,5,False,,
1998.75,Electronic,0.0703,1,False,,
1999.0,Electronic,0.0477,2,False,,
1999.75,Electronic,0.0643,2,False,,
2001.0,Electronic,0.0583,9,False,,
2002.0,Electronic,0.0506,1,False,,
2003.0,Electronic,0.033,1,False,,
2003.25,Electronic,0.034,2,False,,
2005.5,Electronic,0.049,1,False,,
2006.25,Electronic,0.0298,2,False,,
2007.0,Electronic,0.0371,1,False,,
2007.25,Electronic,0.0399,2,False,,
2008.0,Electronic,0.0503,3,False,,
2008.5,Electronic,0.0475,1,False,,
2009.0,Electronic,0.0442,2,False,,
2009.5,Electronic,0.0679,3,False,,
2010.0,Electronic,0.0738,12,False,,
2010.25,Electronic,0.0682,2,False,,
2010.5,Electronic,0.085,1,False,,
2010.75,Electronic,0.0719,11,False,,
2011.0,Electronic,0.0838,1,False,,
2011.25,Electronic,0.1207,2,False,,
2011.5,Electronic,0.1554,14,False,,
2011.75,Electronic,0.1678,7,False,,
2012.0,Electronic,0.1189,10,False,,
2012.25,Electronic,0.1312,4,False,,
2012.5,Electronic,0.1578,5,False,,
2012.75,Electronic,0.1336,10,False,,
2013.0,Electronic,0.1558,6,False,,
2013.25,Electronic,0.1374,12,False,,
2013.5,Electronic,0.1295,6,False,,
2014.0,Electronic,0.0685,3,False,,
2014.5,Electronic,0.0674,2,False,,
2014.75,Electronic,0.1096,13,False,,
2015.0,Electronic,0.1304,9,False,,
2015.25,Electronic,0.1255,4,False,,
2015.5,Electronic,0.097,6,False,,
2015.75,Electronic,0.0825,6,False,,
2016.0,Electronic,0.0548,2,False,,
2016.25,Electronic,0.0559,4,False,,
2016.5,Electronic,0.0447,6,False,,
2016.75,Electronic,0.0755,1,False,,
2017.0,Electronic,0.0775,7,False,,
2017.25,Electronic,0.1123,10,False,,
2017.5,Electronic,0.0756,5,False,,
2017.75,Electronic,0.0829,1,False,,
2018.0,Electronic,0.0544,5,False,,
2018.25,Electronic,0.0695,5,False,,
2018.5,Electronic,0.0635,6,False,,
2018.75,Electronic,0.0642,7,False,,
2019.0,Electronic,0.0806,3,False,,
2019.25,Electronic,0.0538,6,False,,
2019.5,Electronic,0.0495,1,False,,
2020.0,Electronic,0.0452,2,False,,
2020.25,Electronic,0.0546,5,False,,
2020.5,Electronic,0.0546,3,False,,
2020.75,Electronic,0.0596,3,False,,
2021.0,Electronic,0.0755,4,False,,
2021.25,Electronic,0.0839,5,False,,
2021.5,Electronic,0.0714,3,False,,
2021.75,Electronic,0.0982,5,False,,
2022.0,Electronic,0.1237,5,False,,
2022.25,Electronic,0.1266,14,False,,
2022.5,Electronic,0.1152,7,False,,
2022.75,Electronic,0.1108,11,False,,
2023.0,Electronic,0.1675,10,False,,
2023.25,Electronic,0.1475,26,False,,
2023.5,Electronic,0.1626,10,False,,
2023.75,Electronic,0.1757,7,False,,
2024.0,Electronic,0.2125,21,False,,
2024.25,Electronic,0.2369,15,False,,
2024.5,Electronic,0.2349,17,False,,
2024.75,Electronic,0.2027,12,False,,
2025.0,Electronic,0.1795,5,False,,
2025.25,Electronic,0.1121,11,False,,
2025.5,Electronic,0.1944,8,False,,
2025.75,Electronic,0.2083,9,False,,
1987.0,Hip-Hop,0.0446,1,False,,
1987.5,Hip-Hop,0.0417,3,False,,
1988.0,Hip-Hop,0.0919,1,False,,
1988.25,Hip-Hop,0.1479,1,False,,
1988.5,Hip-Hop,0.1461,7,False,,
1989.0,Hip-Hop,0.1021,1,False,,
1989.25,Hip-Hop,0.03,1,False,,
1990.0,Hip-Hop,0.0297,2,False,,
1991.5,Hip-Hop,0.0305,4,False,,
1991.75,Hip-Hop,0.0417,1,False,,
1992.0,Hip-Hop,0.1153,2,False,,
1992.25,Hip-Hop,0.2418,1,False,,
1992.75,Hip-Hop,0.2415,10,False,,
1993.0,Hip-Hop,0.2248,3,False,,
1993.25,Hip-Hop,0.1811,1,False,,
1993.5,Hip-Hop,0.374,4,False,,
1993.75,Hip-Hop,0.3431,14,False,,
1994.0,Hip-Hop,0.4362,6,False,,
1994.25,Hip-Hop,0.4093,13,False,,
1994.5,Hip-Hop,0.4569,15,False,,
1994.75,Hip-Hop,0.3314,7,False,,
1995.0,Hip-Hop,0.3796,10,False,,
1995.25,Hip-Hop,0.432,7,False,,
1995.5,Hip-Hop,0.4076,11,False,,
1995.75,Hip-Hop,0.3246,3,False,,
1996.0,Hip-Hop,0.2444,23,False,,
1996.25,Hip-Hop,0.2985,2,False,,
1996.5,Hip-Hop,0.3087,10,False,,
1996.75,Hip-Hop,0.344,13,False,,
1997.0,Hip-Hop,0.2777,15,False,,
1997.25,Hip-Hop,0.1542,3,False,,
1997.5,Hip-Hop,0.1871,2,False,,
1997.75,Hip-Hop,0.3398,13,False,,
1998.0,Hip-Hop,0.4054,29,False,,
1998.25,Hip-Hop,0.3616,4,False,,
1998.5,Hip-Hop,0.2595,12,False,,
1998.75,Hip-Hop,0.2756,3,False,,
1999.0,Hip-Hop,0.2489,21,False,,
1999.25,Hip-Hop,0.2831,8,False,,
1999.5,Hip-Hop,0.315,4,False,,
1999.75,Hip-Hop,0.3648,28,False,,
2000.0,Hip-Hop,0.473,13,False,,
2000.25,Hip-Hop,0.3891,25,False,,
2000.5,Hip-Hop,0.4355,1,False,,
2000.75,Hip-Hop,0.2726,35,False,,
2001.0,Hip-Hop,0.2684,12,False,,
2001.25,Hip-Hop,0.2247,3,False,,
2001.5,Hip-Hop,0.2617,20,False,,
2001.75,Hip-Hop,0.2574,7,False,,
2002.0,Hip-Hop,0.3567,11,False,,
2002.25,Hip-Hop,0.2936,32,False,,
2002.5,Hip-Hop,0.3561,2,False,,
2002.75,Hip-Hop,0.3192,21,False,,
2003.0,Hip-Hop,0.3506,56,False,,
2003.25,Hip-Hop,0.341,5,False,,
2003.5,Hip-Hop,0.2305,4,False,,
2003.75,Hip-Hop,0.3277,9,False,,
2004.0,Hip-Hop,0.4033,41,False,,
2004.75,Hip-Hop,0.4516,14,False,,
2005.0,Hip-Hop,0.3999,28,False,,
2005.25,Hip-Hop,0.339,9,False,,
2005.5,Hip-Hop,0.4381,20,False,,
2005.75,Hip-Hop,0.3795,16,False,,
2006.0,Hip-Hop,0.3078,7,False,,
2006.25,Hip-Hop,0.1573,6,False,,
2006.75,Hip-Hop,0.2235,10,False,,
2007.0,Hip-Hop,0.251,21,False,,
2007.25,Hip-Hop,0.4631,12,False,,
2007.5,Hip-Hop,0.3591,20,False,,
2007.75,Hip-Hop,0.3608,1,False,,
2008.0,Hip-Hop,0.2081,12,False,,
2008.25,Hip-Hop,0.3402,13,False,,
2008.5,Hip-Hop,0.3125,9,False,,
2008.75,Hip-Hop,0.2845,8,False,,
2009.0,Hip-Hop,0.2349,16,False,,
2009.25,Hip-Hop,0.232,7,False,,
2009.5,Hip-Hop,0.1539,9,False,,
2009.75,Hip-Hop,0.1266,1,False,,
2010.0,Hip-Hop,0.2823,20,False,,
2010.25,Hip-Hop,0.3339,25,False,,
2010.5,Hip-Hop,0.3499,5,False,,
2010.75,Hip-Hop,0.1774,16,False,,
2011.0,Hip-Hop,0.1417,10,False,,
2011.25,Hip-Hop,0.193,2,False,,
2011.5,Hip-Hop,0.3047,20,False,,
2011.75,Hip-Hop,0.357,27,False,,
2012.0,Hip-Hop,0.2792,21,False,,
2012.25,Hip-Hop,0.1418,5,False,,
2012.5,Hip-Hop,0.0908,1,False,,
2012.75,Hip-Hop,0.1262,4,False,,
2013.0,Hip-Hop,0.207,27,False,,
2013.25,Hip-Hop,0.2485,15,False,,
2013.5,Hip-Hop,0.2745,9,False,,
2013.75,Hip-Hop,0.2083,20,False,,
2014.0,Hip-Hop,0.1655,6,False,,
2014.25,Hip-Hop,0.1187,3,False,,
2014.5,Hip-Hop,0.1606,12,False,,
2014.75,Hip-Hop,0.252,20,False,,
2015.0,Hip-Hop,0.3038,19,False,,
2015.25,Hip-Hop,0.3782,15,False,,
2015.5,Hip-Hop,0.3409,22,False,,
2015.75,Hip-Hop,0.264,18,False,,
2016.0,Hip-Hop,0.2747,5,False,,
2016.25,Hip-Hop,0.3139,56,False,,
2016.5,Hip-Hop,0.4118,26,False,,
2016.75,Hip-Hop,0.379,21,False,,
2017.0,Hip-Hop,0.3691,20,False,,
2017.25,Hip-Hop,0.4013,37,False,,
2017.5,Hip-Hop,0.3519,21,False,,
2017.75,Hip-Hop,0.4041,14,False,,
2018.0,Hip-Hop,0.4249,22,False,,
2018.25,Hip-Hop,0.4952,74,False,,
2018.5,Hip-Hop,0.5089,42,False,,
2018.75,Hip-Hop,0.3872,40,False,,
2019.0,Hip-Hop,0.2897,16,False,,
2019.25,Hip-Hop,0.2112,7,False,,
2019.5,Hip-Hop,0.2497,27,False,,
2019.75,Hip-Hop,0.3183,27,False,,
2020.0,Hip-Hop,0.3454,23,False,,
2020.25,Hip-Hop,0.344,19,False,,
2020.5,Hip-Hop,0.3429,26,False,,
2020.75,Hip-Hop,0.2767,34,False,,
2021.0,Hip-Hop,0.2518,6,False,,
2021.25,Hip-Hop,0.3115,15,False,,
2021.5,Hip-Hop,0.2951,28,False,,
2021.75,Hip-Hop,0.3089,8,False,,
2022.0,Hip-Hop,0.2015,9,False,,
2022.25,Hip-Hop,0.2486,20,False,,
2022.5,Hip-Hop,0.2168,22,False,,
2022.75,Hip-Hop,0.1741,17,False,,
2023.0,Hip-Hop,0.1655,5,False,,
2023.25,Hip-Hop,0.2035,24,False,,
2023.5,Hip-Hop,0.2149,44,False,,
2023.75,Hip-Hop,0.2576,4,False,,
2024.0,Hip-Hop,0.2286,26,False,,
2024.25,Hip-Hop,0.2717,19,False,,
2024.5,Hip-Hop,0.1989,16,False,,
2024.75,Hip-Hop,0.1447,6,False,,
2025.0,Hip-Hop,0.1852,4,False,,
2025.5,Hip-Hop,0.1746,33,False,,
2025.75,Hip-Hop,0.2275,3,False,,
1986.0,Jazz,0.1638,7,False,,
1989.0,Jazz,0.2134,6,False,,
1989.5,Jazz,0.2807,5,False,,
1990.25,Jazz,0.2403,8,False,,
1991.0,Jazz,0.1507,2,False,,
1991.5,Jazz,0.0487,6,False,,
1992.75,Jazz,0.0413,1,False,,
1993.0,Jazz,0.0934,2,False,,
1993.25,Jazz,0.0947,1,False,,
1993.75,Jazz,0.0878,1,False,,
1994.0,Jazz,0.0337,1,False,,
1995.0,Jazz,0.0741,2,False,,
1996.5,Jazz,0.0867,6,False,,
1997.5,Jazz,0.1027,1,False,,
1997.75,Jazz,0.0604,3,False,,
1998.5,Jazz,0.0532,2,False,,
1999.0,Jazz,0.0354,2,False,,
1999.75,Jazz,0.0263,2,False,,
2000.75,Jazz,0.0244,1,False,,
2001.0,Jazz,0.0348,2,False,,
2001.5,Jazz,0.0359,4,False,,
2002.0,Jazz,0.0393,1,False,,
2002.25,Jazz,0.0552,2,False,,
2003.25,Jazz,0.0632,3,False,,
2004.75,Jazz,0.0742,1,False,,
2005.25,Jazz,0.0538,2,False,,
2006.5,Jazz,0.0459,1,False,,
2007.0,Jazz,0.0425,1,False,,
2007.25,Jazz,0.0576,3,False,,
2008.5,Jazz,0.0575,2,False,,
2009.0,Jazz,0.0404,1,False,,
2010.0,Jazz,0.0337,1,False,,
2010.25,Jazz,0.0502,3,False,,
2011.75,Jazz,0.058,4,False,,
2012.25,Jazz,0.0409,1,False,,
2014.25,Jazz,0.0245,1,False,,
2016.25,Jazz,0.0179,2,False,,
2016.5,Jazz,0.0172,1,False,,
2018.0,Jazz,0.0184,1,False,,
2018.5,Jazz,0.02,2,False,,
2019.25,Jazz,0.0198,1,False,,
2019.5,Jazz,0.0174,2,False,,
2020.5,Jazz,0.0145,1,False,,
2020.75,Jazz,0.0136,1,False,,
2021.5,Jazz,0.034,1,False,,
2025.75,Jazz,0.0462,2,False,,
1987.0,Latin,0.085,6,False,,
1987.5,Latin,0.0805,3,False,,
1988.0,Latin,0.0785,2,False,,
1988.75,Latin,0.0743,4,False,,
1989.0,Latin,0.0672,2,False,,
1989.75,Latin,0.1466,1,False,,
1990.0,Latin,0.1466,26,False,,
1990.5,Latin,0.1703,2,False,,
1991.0,Latin,0.2273,4,False,,
1991.25,Latin,0.3182,2,False,,
1991.75,Latin,0.4444,9,False,,
1992.0,Latin,0.3034,17,False,,
1993.0,Latin,0.1983,4,False,,
1994.0,Latin,0.0563,1,False,,
1994.5,Latin,0.037,2,False,,
1995.0,Latin,0.0643,1,False,,
1995.25,Latin,0.052,1,False,,
1995.5,Latin,0.1482,1,False,,
1995.75,Latin,0.1391,8,False,,
1997.0,Latin,0.1356,4,False,,
1997.25,Latin,0.1071,1,False,,
1997.5,Latin,0.1114,4,False,,
1997.75,Latin,0.115,3,False,,
1998.0,Latin,0.0922,2,False,,
1998.25,Latin,0.0969,2,False,,
1998.5,Latin,0.1102,5,False,,
1998.75,Latin,0.0759,1,False,,
1999.0,Latin,0.0703,3,False,,
1999.5,Latin,0.0606,1,False,,
2000.0,Latin,0.0765,2,False,,
2001.0,Latin,0.0904,7,False,,
2001.25,Latin,0.1145,2,False,,
2001.75,Latin,0.0922,3,False,,
2002.0,Latin,0.0762,2,False,,
2002.25,Latin,0.0514,4,False,,
2002.5,Latin,0.0438,1,False,,
2003.0,Latin,0.0459,1,False,,
2003.5,Latin,0.0436,1,False,,
2003.75,Latin,0.0445,2,False,,
2004.0,Latin,0.1031,1,False,,
2004.5,Latin,0.0941,7,False,,
2005.0,Latin,0.1855,1,False,,
2005.25,Latin,0.1053,8,False,,
2005.5,Latin,0.1272,1,False,,
2005.75,Latin,0.0819,2,False,,
2006.5,Latin,0.092,3,False,,
2006.75,Latin,0.0719,3,False,,
2007.0,Latin,0.0287,1,False,,
2007.25,Latin,0.0192,1,False,,
2008.0,Latin,0.0772,1,False,,
2008.5,Latin,0.0843,4,False,,
2008.75,Latin,0.0882,2,False,,
2009.0,Latin,0.0913,2,False,,
2009.25,Latin,0.0833,5,False,,
2009.5,Latin,0.1022,1,False,,
2010.0,Latin,0.0605,9,False,,
2010.25,Latin,0.0598,3,False,,
2010.75,Latin,0.0337,1,False,,
2011.0,Latin,0.0197,1,False,,
2011.75,Latin,0.0182,2,False,,
2012.0,Latin,0.0294,1,False,,
2013.5,Latin,0.0243,2,False,,
2013.75,Latin,0.1071,1,False,,
2014.0,Latin,0.1161,21,False,,
2014.25,Latin,0.1146,3,False,,
2015.75,Latin,0.0371,1,False,,
2016.0,Latin,0.0223,1,False,,
2016.5,Latin,0.0248,2,False,,
2016.75,Latin,0.0535,1,False,,
2017.25,Latin,0.0528,13,False,,
2017.5,Latin,0.051,1,False,,
2017.75,Latin,0.0278,1,False,,
2018.0,Latin,0.0327,2,False,,
2018.25,Latin,0.0407,5,False,,
2018.75,Latin,0.0401,3,False,,
2019.0,Latin,0.0511,3,False,,
2019.25,Latin,0.0506,4,False,,
2019.75,Latin,0.0705,3,False,,
2020.0,Latin,0.0591,7,False,,
2020.25,Latin,0.0637,2,False,,
2020.5,Latin,0.0526,4,False,,
2020.75,Latin,0.0675,7,False,,
2021.0,Latin,0.0734,3,False,,
2021.25,Latin,0.0689,4,False,,
2021.5,Latin,0.051,3,False,,
2021.75,Latin,0.0502,2,False,,
2022.0,Latin,0.1598,2,False,,
2022.25,Latin,0.1657,41,False,,
2022.5,Latin,0.1595,4,False,,
2022.75,Latin,0.1024,4,False,,
2023.0,Latin,0.1061,18,False,,
2023.25,Latin,0.119,6,False,,
2023.5,Latin,0.219,12,False,,
2023.75,Latin,0.2042,22,False,,
2024.0,Latin,0.1874,1,False,,
2024.25,Latin,0.0215,3,False,,
2024.5,Latin,0.0398,1,False,,
2025.0,Latin,0.0327,4,False,,
2025.25,Latin,0.0421,1,False,,
1984.0,Pop,0.3916,1,False,,
1986.25,Pop,0.3202,16,False,,
1987.0,Pop,0.2882,11,False,,
1987.25,Pop,0.1673,2,False,,
1987.5,Pop,0.1558,7,False,,
1988.0,Pop,0.1505,4,False,,
1988.5,Pop,0.1088,4,False,,
1988.75,Pop,0.082,2,False,,
1989.5,Pop,0.2244,1,False,,
1990.25,Pop,0.2117,13,False,,
1991.5,Pop,0.2101,1,False,,
1993.0,Pop,0.0823,3,False,,
1993.75,Pop,0.0917,4,False,,
1994.0,Pop,0.0977,2,False,,
1995.0,Pop,0.1037,4,False,,
1995.25,Pop,0.1688,2,False,,
1995.75,Pop,0.2155,6,False,,
1996.0,Pop,0.1766,11,False,,
1996.25,Pop,0.1645,1,False,,
1996.5,Pop,0.1296,7,False,,
1996.75,Pop,0.1382,3,False,,
1997.0,Pop,0.129,6,False,,
1997.5,Pop,0.1043,3,False,,
1998.0,Pop,0.0812,2,False,,
1998.5,Pop,0.0513,2,False,,
1998.75,Pop,0.0842,1,False,,
1999.0,Pop,0.1375,8,False,,
1999.25,Pop,0.1396,10,False,,
1999.5,Pop,0.1697,1,False,,
1999.75,Pop,0.1189,14,False,,
2000.0,Pop,0.135,2,False,,
2000.25,Pop,0.0683,5,False,,
2000.75,Pop,0.0853,2,False,,
2001.0,Pop,0.0622,7,False,,
2001.25,Pop,0.059,1,False,,
2001.5,Pop,0.0795,1,False,,
2001.75,Pop,0.0904,4,False,,
2002.0,Pop,0.1363,6,False,,
2002.25,Pop,0.1739,8,False,,
2002.5,Pop,0.1824,6,False,,
2002.75,Pop,0.1762,7,False,,
2003.0,Pop,0.0976,15,False,,
2003.25,Pop,0.1663,1,False,,
2003.75,Pop,0.1291,17,False,,
2004.0,Pop,0.1773,2,False,,
2005.0,Pop,0.0812,16,False,,
2005.75,Pop,0.0804,1,False,,
2006.0,Pop,0.0378,1,False,,
2006.25,Pop,0.125,2,False,,
2006.5,Pop,0.2601,6,False,,
2006.75,Pop,0.2912,26,False,,
2007.0,Pop,0.2116,9,False,,
2007.25,Pop,0.1233,3,False,,
2007.75,Pop,0.1575,5,False,,
2008.0,Pop,0.2424,12,False,,
2008.25,Pop,0.2362,12,False,,
2008.5,Pop,0.264,3,False,,
2008.75,Pop,0.2286,16,False,,
2009.0,Pop,0.2102,13,False,,
2009.5,Pop,0.3134,5,False,,
2009.75,Pop,0.326,27,False,,
2010.0,Pop,0.4992,25,False,,
2010.5,Pop,0.3823,17,False,,
2010.75,Pop,0.4503,19,False,,
2011.0,Pop,0.3194,42,False,,
2011.25,Pop,0.2753,6,False,,
2011.5,Pop,0.163,8,False,,
2011.75,Pop,0.2438,7,False,,
2012.0,Pop,0.3015,42,False,,
2012.25,Pop,0.334,10,False,,
2012.5,Pop,0.3327,7,False,,
2012.75,Pop,0.3193,24,False,,
2013.0,Pop,0.2607,29,False,,
2013.25,Pop,0.3027,2,False,,
2013.75,Pop,0.3368,33,False,,
2014.0,Pop,0.5548,32,False,,
2014.25,Pop,0.4671,29,False,,
2014.5,Pop,0.4521,18,False,,
2014.75,Pop,0.2462,35,False,,
2015.0,Pop,0.1816,4,False,,
2015.25,Pop,0.1162,5,False,,
2015.5,Pop,0.2131,8,False,,
2015.75,Pop,0.2175,28,False,,
2016.0,Pop,0.2502,5,False,,
2016.25,Pop,0.2326,31,False,,
2016.5,Pop,0.276,23,False,,
2016.75,Pop,0.3289,13,False,,
2017.0,Pop,0.3152,23,False,,
2017.25,Pop,0.2601,31,False,,
2017.5,Pop,0.2327,4,False,,
2017.75,Pop,0.1935,22,False,,
2018.0,Pop,0.2052,7,False,,
2018.25,Pop,0.2324,17,False,,
2018.5,Pop,0.2336,41,False,,
2018.75,Pop,0.3692,12,False,,
2019.0,Pop,0.3598,39,False,,
2019.25,Pop,0.4587,21,False,,
2019.5,Pop,0.3448,43,False,,
2019.75,Pop,0.3528,16,False,,
2020.0,Pop,0.2853,28,False,,
2020.25,Pop,0.3596,13,False,,
2020.5,Pop,0.3441,33,False,,
2020.75,Pop,0.3256,37,False,,
2021.0,Pop,0.334,7,False,,
2021.25,Pop,0.2567,26,False,,
2021.5,Pop,0.3977,7,False,,
2021.75,Pop,0.3261,42,False,,
2022.0,Pop,0.3023,7,False,,
2022.25,Pop,0.1514,6,False,,
2022.5,Pop,0.1459,14,False,,
2022.75,Pop,0.1978,18,False,,
2023.0,Pop,0.2529,18,False,,
2023.25,Pop,0.2917,34,False,,
2023.5,Pop,0.2599,46,False,,
2023.75,Pop,0.2378,5,False,,
2024.0,Pop,0.2406,19,False,,
2024.25,Pop,0.3222,28,False,,
2024.5,Pop,0.3136,26,False,,
2024.75,Pop,0.4181,10,False,,
2025.0,Pop,0.3836,38,False,,
2025.25,Pop,0.4223,17,False,,
2025.5,Pop,0.3027,34,False,,
2025.75,Pop,0.3253,8,False,,
1980.25,R&B,0.5,1,False,,
1980.5,R&B,0.3542,1,False,,
1986.0,R&B,0.2113,3,False,,
1986.5,R&B,0.05,1,False,,
1987.0,R&B,0.0411,1,False,,
1988.0,R&B,0.1284,1,False,,
1988.25,R&B,0.1533,2,False,,
1989.0,R&B,0.1622,3,False,,
1989.5,R&B,0.1016,1,False,,
1991.0,R&B,0.0884,5,False,,
1991.5,R&B,0.0871,7,False,,
1992.0,R&B,0.0518,2,False,,
1993.75,R&B,0.0467,1,False,,
1994.0,R&B,0.0705,2,False,,
1994.25,R&B,0.0924,3,False,,
1994.5,R&B,0.0868,3,False,,
1995.0,R&B,0.1051,1,False,,
1995.5,R&B,0.1236,5,False,,
1996.25,R&B,0.1729,2,False,,
1996.5,R&B,0.1482,6,False,,
1996.75,R&B,0.129,3,False,,
1997.0,R&B,0.1475,6,False,,
1997.5,R&B,0.1351,4,False,,
1998.0,R&B,0.1244,4,False,,
1998.25,R&B,0.117,1,False,,
1998.5,R&B,0.1692,10,False,,
1998.75,R&B,0.1549,3,False,,
1999.0,R&B,0.1682,2,False,,
1999.25,R&B,0.1191,12,False,,
1999.5,R&B,0.1508,1,False,,
1999.75,R&B,0.1104,8,False,,
2000.0,R&B,0.1083,5,False,,
2000.75,R&B,0.0747,6,False,,
2001.0,R&B,0.0767,2,False,,
2001.25,R&B,0.0828,2,False,,
2001.5,R&B,0.1267,6,False,,
2001.75,R&B,0.1168,4,False,,
2002.0,R&B,0.0915,6,False,,
2002.25,R&B,0.1745,1,False,,
2002.5,R&B,0.1772,9,False,,
2002.75,R&B,0.1858,6,False,,
2003.0,R&B,0.1235,5,False,,
2003.25,R&B,0.1211,6,False,,
2003.75,R&B,0.1565,5,False,,
2004.0,R&B,0.1072,13,False,,
2004.5,R&B,0.1018,2,False,,
2004.75,R&B,0.0779,2,False,,
2005.0,R&B,0.0651,7,False,,
2005.25,R&B,0.0447,1,False,,
2005.5,R&B,0.031,1,False,,
2005.75,R&B,0.0912,1,False,,
2006.25,R&B,0.1016,8,False,,
2006.5,R&B,0.1051,1,False,,
2006.75,R&B,0.0604,3,False,,
2007.0,R&B,0.0709,5,False,,
2007.25,R&B,0.1621,4,False,,
2007.75,R&B,0.1556,10,False,,
2008.0,R&B,0.2073,3,False,,
2008.25,R&B,0.1156,9,False,,
2008.5,R&B,0.1434,1,False,,
2008.75,R&B,0.082,7,False,,
2009.5,R&B,0.0899,3,False,,
2009.75,R&B,0.071,3,False,,
2010.0,R&B,0.0702,9,False,,
2010.25,R&B,0.0583,2,False,,
2010.5,R&B,0.0645,1,False,,
2010.75,R&B,0.0765,7,False,,
2011.0,R&B,0.1479,8,False,,
2011.25,R&B,0.1393,7,False,,
2011.75,R&B,0.1179,5,False,,
2012.0,R&B,0.0457,2,False,,
2012.25,R&B,0.0587,1,False,,
2012.5,R&B,0.1081,4,False,,
2012.75,R&B,0.1138,9,False,,
2013.0,R&B,0.0856,5,False,,
2013.25,R&B,0.0438,2,False,,
2013.5,R&B,0.0352,2,False,,
2014.0,R&B,0.031,2,False,,
2014.25,R&B,0.0513,1,False,,
2014.5,R&B,0.0764,6,False,,
2014.75,R&B,0.0927,10,False,,
2015.0,R&B,0.0657,4,False,,
2015.25,R&B,0.0367,1,False,,
2015.75,R&B,0.1116,1,False,,
2016.0,R&B,0.117,11,False,,
2016.25,R&B,0.1262,5,False,,
2016.5,R&B,0.033,3,False,,
2017.0,R&B,0.0571,1,False,,
2017.25,R&B,0.077,13,False,,
2017.5,R&B,0.1058,4,False,,
2017.75,R&B,0.0754,7,False,,
2018.0,R&B,0.0526,1,False,,
2018.25,R&B,0.0741,4,False,,
2018.75,R&B,0.0761,13,False,,
2019.0,R&B,0.1383,2,False,,
2019.25,R&B,0.0995,12,False,,
2019.5,R&B,0.1236,5,False,,
2019.75,R&B,0.0895,8,False,,
2020.0,R&B,0.0976,8,False,,
2020.25,R&B,0.0856,4,False,,
2020.5,R&B,0.0599,5,False,,
2020.75,R&B,0.0621,4,False,,
2021.0,R&B,0.0464,3,False,,
2021.25,R&B,0.0699,1,False,,
2021.5,R&B,0.0764,6,False,,
2021.75,R&B,0.1262,7,False,,
2022.0,R&B,0.1179,5,False,,
2022.25,R&B,0.162,9,False,,
2022.5,R&B,0.2069,20,False,,
2022.75,R&B,0.2024,25,False,,
2023.0,R&B,0.1401,6,False,,
2023.25,R&B,0.0494,5,False,,
2023.5,R&B,0.0568,4,False,,
2023.75,R&B,0.0592,4,False,,
2024.0,R&B,0.1064,4,False,,
2024.25,R&B,0.1078,14,False,,
2024.5,R&B,0.1845,7,False,,
2024.75,R&B,0.1564,12,False,,
2025.0,R&B,0.1997,5,False,,
2025.25,R&B,0.1705,15,False,,
2025.5,R&B,0.1788,19,False,,
2025.75,R&B,0.1545,3,False,,
1980.25,Rock,0.5,1,False,,
1980.5,Rock,0.6667,1,False,,
1981.5,Rock,0.6667,1,False,,
1981.75,Rock,0.8333,1,False,,
1982.25,Rock,0.8333,1,False,,
1983.5,Rock,0.8333,1,False,,
1984.0,Rock,0.6667,2,False,,
1985.75,Rock,0.5417,1,False,,
1986.0,Rock,0.5306,30,False,,
1986.25,Rock,0.6734,14,False,,
1986.5,Rock,0.4859,13,False,,
1986.75,Rock,0.497,1,False,,
1987.0,Rock,0.4183,31,False,,
1987.25,Rock,0.5682,9,False,,
1987.5,Rock,0.7348,21,False,,
1987.75,Rock,0.6231,3,False,,
1988.0,Rock,0.619,10,False,,
1988.25,Rock,0.4926,3,False,,
1988.5,Rock,0.6614,18,False,,
1988.75,Rock,0.5958,38,False,,
1989.0,Rock,0.6188,10,False,,
1989.25,Rock,0.3517,20,False,,
1989.5,Rock,0.5174,1,False,,
1989.75,Rock,0.3508,16,False,,
1990.0,Rock,0.359,15,False,,
1990.25,Rock,0.4054,2,False,,
1990.5,Rock,0.4229,31,False,,
1991.0,Rock,0.6664,8,False,,
1991.5,Rock,0.5261,112,False,,
1991.75,Rock,0.4649,14,False,,
1992.0,Rock,0.5001,2,False,,
1992.5,Rock,0.4801,12,False,,
1992.75,Rock,0.672,11,False,,
1993.0,Rock,0.6024,33,False,,
1993.5,Rock,0.4799,10,False,,
1993.75,Rock,0.4708,2,False,,
1994.0,Rock,0.245,34,False,,
1994.5,Rock,0.4647,1,False,,
1994.75,Rock,0.4321,21,False,,
1995.0,Rock,0.4568,27,False,,
1995.5,Rock,0.2709,3,False,,
1995.75,Rock,0.1338,5,False,,
1996.0,Rock,0.2079,5,False,,
1996.25,Rock,0.1808,4,False,,
1996.5,Rock,0.2469,4,False,,
1996.75,Rock,0.1964,8,False,,
1997.0,Rock,0.3962,10,False,,
1997.25,Rock,0.3715,27,False,,
1997.5,Rock,0.3871,4,False,,
1997.75,Rock,0.1935,8,False,,
1998.0,Rock,0.145,7,False,,
1998.25,Rock,0.1555,1,False,,
1998.5,Rock,0.1892,13,False,,
1998.75,Rock,0.2144,3,False,,
1999.0,Rock,0.2278,9,False,,
1999.25,Rock,0.1786,15,False,,
1999.5,Rock,0.1439,1,False,,
1999.75,Rock,0.155,3,False,,
2000.0,Rock,0.1974,14,False,,
2000.25,Rock,0.3095,8,False,,
2000.75,Rock,0.3298,30,False,,
2001.0,Rock,0.3847,28,False,,
2001.25,Rock,0.3887,6,False,,
2001.5,Rock,0.3239,25,False,,
2001.75,Rock,0.3048,5,False,,
2002.0,Rock,0.1853,20,False,,
2002.25,Rock,0.2394,2,False,,
2002.75,Rock,0.1996,21,False,,
2003.0,Rock,0.3102,22,False,,
2003.25,Rock,0.3006,10,False,,
2003.5,Rock,0.3307,4,False,,
2003.75,Rock,0.277,15,False,,
2004.0,Rock,0.3932,18,False,,
2004.25,Rock,0.4822,15,False,,
2004.5,Rock,0.4791,15,False,,
2004.75,Rock,0.3428,5,False,,
2005.0,Rock,0.2528,24,False,,
2005.25,Rock,0.3056,8,False,,
2005.5,Rock,0.3953,19,False,,
2006.0,Rock,0.4532,26,False,,
2006.25,Rock,0.4004,17,False,,
2006.5,Rock,0.3018,4,False,,
2006.75,Rock,0.2525,15,False,,
2007.0,Rock,0.3151,19,False,,
2007.25,Rock,0.2598,19,False,,
2007.5,Rock,0.285,2,False,,
2007.75,Rock,0.1974,12,False,,
2008.0,Rock,0.1795,6,False,,
2008.25,Rock,0.0663,1,False,,
2008.5,Rock,0.108,1,False,,
2008.75,Rock,0.153,12,False,,
2009.0,Rock,0.1771,10,False,,
2009.25,Rock,0.2166,3,False,,
2009.5,Rock,0.2184,21,False,,
2009.75,Rock,0.2048,7,False,,
2010.0,Rock,0.107,8,False,,
2010.25,Rock,0.0633,3,False,,
2010.5,Rock,0.042,1,False,,
2010.75,Rock,0.0421,1,False,,
2011.0,Rock,0.1374,7,False,,
2011.25,Rock,0.1389,9,False,,
2011.5,Rock,0.1302,1,False,,
2011.75,Rock,0.0339,3,False,,
2012.0,Rock,0.0717,3,False,,
2012.25,Rock,0.1866,4,False,,
2012.5,Rock,0.182,13,False,,
2012.75,Rock,0.1544,1,False,,
2013.0,Rock,0.1625,5,False,,
2013.25,Rock,0.297,23,False,,
2013.5,Rock,0.2918,19,False,,
2013.75,Rock,0.1565,2,False,,
2014.0,Rock,0.0317,1,False,,
2014.25,Rock,0.0375,2,False,,
2014.5,Rock,0.0401,3,False,,
2014.75,Rock,0.0787,2,False,,
2015.0,Rock,0.0693,9,False,,
2015.25,Rock,0.0883,1,False,,
2015.5,Rock,0.0381,4,False,,
2015.75,Rock,0.102,1,False,,
2016.0,Rock,0.0818,8,False,,
2016.25,Rock,0.1,2,False,,
2016.5,Rock,0.0484,5,False,,
2016.75,Rock,0.0516,3,False,,
2017.25,Rock,0.0739,3,False,,
2017.75,Rock,0.0667,9,False,,
2018.25,Rock,0.068,5,False,,
2018.5,Rock,0.0276,3,False,,
2018.75,Rock,0.0236,1,False,,
2019.0,Rock,0.0241,2,False,,
2019.5,Rock,0.0323,3,False,,
2019.75,Rock,0.0279,3,False,,
2020.0,Rock,0.0366,1,False,,
2020.25,Rock,0.0326,3,False,,
2020.5,Rock,0.0342,2,False,,
2020.75,Rock,0.0207,2,False,,
2021.25,Rock,0.0171,1,False,,
2021.75,Rock,0.0217,1,False,,
2022.0,Rock,0.0238,1,False,,
2022.5,Rock,0.0268,2,False,,
2023.0,Rock,0.0189,2,False,,
2023.25,Rock,0.0157,1,False,,
2024.0,Rock,0.0119,1,False,,
2024.25,Rock,0.0226,1,False,,
2024.5,Rock,0.0281,3,False,,
2025.25,Rock,0.0275,2,False,,
2025.5,Rock,0.0259,1,False,,
2025.75,Rock,0.0237,1,False,,
2026.0,Pop,0.3734,0,True,0.0362,0.8789
2026.0,Hip-Hop,0.0871,0,True,0.0105,0.4565
2026.0,Rock,0.0037,0,True,0.0001,0.0863
2026.0,Electronic,0.371,0,True,0.0169,0.9228
2026.0,R&B,0.0848,0,True,0.0059,0.5784
2026.0,Latin,0.0182,0,True,0.0008,0.2922
2026.0,Country,0.0592,0,True,0.003,0.561
2026.0,Jazz,0.001,0,True,0.0001,0.0121
2026.0,Classical,0.0017,0,True,0.0001,0.0193
2027.0,Pop,0.3611,0,True,0.036,0.818
2027.0,Hip-Hop,0.0647,0,True,0.0076,0.3698
2027.0,Rock,0.0026,0,True,0.0001,0.0611
2027.0,Electronic,0.4241,0,True,0.0225,0.8651
2027.0,R&B,0.0791,0,True,0.0055,0.537
2027.0,Latin,0.0162,0,True,0.0007,0.2631
2027.0,Country,0.0499,0,True,0.0025,0.4972
2027.0,Jazz,0.0008,0,True,0.0001,0.0099
2027.0,Classical,0.0015,0,True,0.0001,0.0172
2028.0,Pop,0.3482,0,True,0.0356,0.7607
2028.0,Hip-Hop,0.0472,0,True,0.0055,0.2926
2028.0,Rock,0.0018,0,True,0.0001,0.0427
2028.0,Electronic,0.4712,0,True,0.0303,0.8077
2028.0,R&B,0.0735,0,True,0.0052,0.4977
2028.0,Latin,0.0144,0,True,0.0006,0.2361
2028.0,Country,0.0417,0,True,0.0021,0.4381
2028.0,Jazz,0.0007,0,True,0.0001,0.0081
2028.0,Classical,0.0013,0,True,0.0001,0.0152
2029.0,Pop,0.3367,0,True,0.0354,0.7109
2029.0,Hip-Hop,0.034,0,True,0.0039,0.227
2029.0,Rock,0.0012,0,True,0.0,0.0296
2029.0,Electronic,0.5101,0,True,0.0412,0.7562
2029.0,R&B,0.0686,0,True,0.0048,0.4634
2029.0,Latin,0.0128,0,True,0.0006,0.2124
2029.0,Country,0.0349,0,True,0.0017,0.3859
2029.0,Jazz,0.0006,0,True,0.0,0.0066
2029.0,Classical,0.0012,0,True,0.0001,0.0136
2030.0,Pop,0.328,0,True,0.0354,0.6706
2030.0,Hip-Hop,0.0243,0,True,0.0028,0.1732
2030.0,Rock,0.0008,0,True,0.0,0.0205
2030.0,Electronic,0.5402,0,True,0.0569,0.7134
2030.0,R&B,0.0644,0,True,0.0045,0.4352
2030.0,Latin,0.0115,0,True,0.0005,0.1924
2030.0,Country,0.0292,0,True,0.0014,0.3411
2030.0,Jazz,0.0005,0,True,0.0,0.0054
2030.0,Classical,0.0011,0,True,0.0001,0.0122
