month,genre,region,share
2024-01,Country,Africa/ME,0.0146
2024-02,Country,Africa/ME,0.0177
2024-03,Country,Africa/ME,0.0015
2024-10,Country,Africa/ME,0.0014
2023-10,Electronic,Africa/ME,0.0085
2023-11,Electronic,Africa/ME,0.0158
2023-12,Electronic,Africa/ME,0.0027
2024-01,Electronic,Africa/ME,0.0073
2024-06,Electronic,Africa/ME,0.0292
2024-07,Electronic,Africa/ME,0.0422
2024-08,Electronic,Africa/ME,0.0429
2024-09,Electronic,Africa/ME,0.0429
2024-10,Electronic,Africa/ME,0.0425
2024-11,Electronic,Africa/ME,0.0322
2024-12,Electronic,Africa/ME,0.0069
2025-01,Electronic,Africa/ME,0.0122
2025-02,Electronic,Africa/ME,0.0069
2025-03,Electronic,Africa/ME,0.0107
2025-04,Electronic,Africa/ME,0.0174
2025-05,Electronic,Africa/ME,0.0189
2025-06,Electronic,Africa/ME,0.022
2023-10,Hip-Hop,Africa/ME,0.2816
2023-11,Hip-Hop,Africa/ME,0.2222
2023-12,Hip-Hop,Africa/ME,0.2534
2024-01,Hip-Hop,Africa/ME,0.2544
2024-02,Hip-Hop,Africa/ME,0.2228
2024-03,Hip-Hop,Africa/ME,0.2841
2024-04,Hip-Hop,Africa/ME,0.3199
2024-05,Hip-Hop,Africa/ME,0.4366
2024-06,Hip-Hop,Africa/ME,0.4096
2024-07,Hip-Hop,Africa/ME,0.2983
2024-08,Hip-Hop,Africa/ME,0.2691
2024-09,Hip-Hop,Africa/ME,0.2421
2024-10,Hip-Hop,Africa/ME,0.1681
2024-11,Hip-Hop,Africa/ME,0.1635
2024-12,Hip-Hop,Africa/ME,0.1737
2025-01,Hip-Hop,Africa/ME,0.1644
2025-02,Hip-Hop,Africa/ME,0.311
2025-03,Hip-Hop,Africa/ME,0.3601
2025-04,Hip-Hop,Africa/ME,0.2886
2025-05,Hip-Hop,Africa/ME,0.2725
2025-06,Hip-Hop,Africa/ME,0.236
2023-12,Jazz,Africa/ME,0.0121
2024-01,Jazz,Africa/ME,0.0348
2024-02,Jazz,Africa/ME,0.0219
2024-03,Jazz,Africa/ME,0.0137
2024-04,Jazz,Africa/ME,0.0017
2024-11,Jazz,Africa/ME,0.0317
2024-12,Jazz,Africa/ME,0.1189
2025-01,Jazz,Africa/ME,0.0705
2025-02,Jazz,Africa/ME,0.0201
2025-03,Jazz,Africa/ME,0.0144
2025-04,Jazz,Africa/ME,0.0174
2025-05,Jazz,Africa/ME,0.0189
2025-06,Jazz,Africa/ME,0.022
2023-10,Latin,Africa/ME,0.0032
2023-11,Latin,Africa/ME,0.003
2024-04,Latin,Africa/ME,0.0232
2024-05,Latin,Africa/ME,0.0522
2024-06,Latin,Africa/ME,0.0569
2024-07,Latin,Africa/ME,0.0493
2024-08,Latin,Africa/ME,0.0194
2024-09,Latin,Africa/ME,0.0276
2024-10,Latin,Africa/ME,0.022
2024-11,Latin,Africa/ME,0.0123
2024-12,Latin,Africa/ME,0.0017
2025-01,Latin,Africa/ME,0.0431
2025-02,Latin,Africa/ME,0.0348
2025-03,Latin,Africa/ME,0.0204
2025-04,Latin,Africa/ME,0.0181
2025-05,Latin,Africa/ME,0.0255
2025-06,Latin,Africa/ME,0.022
2023-10,Pop,Africa/ME,0.5282
2023-11,Pop,Africa/ME,0.5138
2023-12,Pop,Africa/ME,0.4671
2024-01,Pop,Africa/ME,0.4728
2024-02,Pop,Africa/ME,0.4808
2024-03,Pop,Africa/ME,0.4702
2024-04,Pop,Africa/ME,0.4449
2024-05,Pop,Africa/ME,0.3521
2024-06,Pop,Africa/ME,0.3622
2024-07,Pop,Africa/ME,0.4065
2024-08,Pop,Africa/ME,0.4654
2024-09,Pop,Africa/ME,0.5324
2024-10,Pop,Africa/ME,0.6175
2024-11,Pop,Africa/ME,0.6469
2024-12,Pop,Africa/ME,0.6011
2025-01,Pop,Africa/ME,0.5827
2025-02,Pop,Africa/ME,0.5269
2025-03,Pop,Africa/ME,0.542
2025-04,Pop,Africa/ME,0.556
2025-05,Pop,Africa/ME,0.5255
2025-06,Pop,Africa/ME,0.538
2023-10,R&B,Africa/ME,0.1371
2023-11,R&B,Africa/ME,0.2059
2023-12,R&B,Africa/ME,0.2036
2024-01,R&B,Africa/ME,0.164
2024-02,R&B,Africa/ME,0.2057
2024-03,R&B,Africa/ME,0.1941
2024-04,R&B,Africa/ME,0.1688
2024-05,R&B,Africa/ME,0.1348
2024-06,R&B,Africa/ME,0.1172
2024-07,R&B,Africa/ME,0.1799
2024-08,R&B,Africa/ME,0.1751
2024-09,R&B,Africa/ME,0.1268
2024-10,R&B,Africa/ME,0.121
2024-11,R&B,Africa/ME,0.0802
2024-12,R&B,Africa/ME,0.0789
2025-01,R&B,Africa/ME,0.1096
2025-02,R&B,Africa/ME,0.0926
2025-03,R&B,Africa/ME,0.0524
2025-04,R&B,Africa/ME,0.0978
2025-05,R&B,Africa/ME,0.1259
2025-06,R&B,Africa/ME,0.116
2023-10,Rock,Africa/ME,0.0414
2023-11,Rock,Africa/ME,0.0394
2023-12,Rock,Africa/ME,0.0612
2024-01,Rock,Africa/ME,0.0522
2024-02,Rock,Africa/ME,0.0511
2024-03,Rock,Africa/ME,0.0364
2024-04,Rock,Africa/ME,0.0415
2024-05,Rock,Africa/ME,0.0243
2024-06,Rock,Africa/ME,0.0249
2024-07,Rock,Africa/ME,0.0238
2024-08,Rock,Africa/ME,0.0281
2024-09,Rock,Africa/ME,0.0281
2024-10,Rock,Africa/ME,0.0276
2024-11,Rock,Africa/ME,0.0332
2024-12,Rock,Africa/ME,0.0189
2025-01,Rock,Africa/ME,0.0176
2025-02,Rock,Africa/ME,0.0078
2025-04,Rock,Africa/ME,0.0047
2025-05,Rock,Africa/ME,0.0128
2025-06,Rock,Africa/ME,0.044
2023-10,Electronic,Asia,0.0264
2023-11,Electronic,Asia,0.0236
2023-12,Electronic,Asia,0.0173
2024-01,Electronic,Asia,0.0145
2024-02,Electronic,Asia,0.0099
2024-03,Electronic,Asia,0.0075
2024-04,Electronic,Asia,0.0077
2024-05,Electronic,Asia,0.012
2024-06,Electronic,Asia,0.0136
2024-07,Electronic,Asia,0.0126
2024-08,Electronic,Asia,0.0073
2024-09,Electronic,Asia,0.0077
2024-10,Electronic,Asia,0.0069
2024-11,Electronic,Asia,0.003
2025-04,Electronic,Asia,0.001
2023-11,Hip-Hop,Asia,0.0003
2024-03,Hip-Hop,Asia,0.0065
2024-04,Hip-Hop,Asia,0.0072
2024-05,Hip-Hop,Asia,0.037
2024-06,Hip-Hop,Asia,0.0266
2024-07,Hip-Hop,Asia,0.0309
2024-08,Hip-Hop,Asia,0.0382
2024-09,Hip-Hop,Asia,0.0322
2024-10,Hip-Hop,Asia,0.0018
2024-11,Hip-Hop,Asia,0.0106
2024-12,Hip-Hop,Asia,0.0422
2025-01,Hip-Hop,Asia,0.0456
2025-02,Hip-Hop,Asia,0.097
2025-03,Hip-Hop,Asia,0.0939
2025-04,Hip-Hop,Asia,0.0736
2025-05,Hip-Hop,Asia,0.061
2025-06,Hip-Hop,Asia,0.0696
2024-05,Latin,Asia,0.001
2024-07,Latin,Asia,0.001
2024-08,Latin,Asia,0.0002
2023-10,Pop,Asia,0.871
2023-11,Pop,Asia,0.8895
2023-12,Pop,Asia,0.8713
2024-01,Pop,Asia,0.879
2024-02,Pop,Asia,0.8947
2024-03,Pop,Asia,0.9117
2024-04,Pop,Asia,0.9211
2024-05,Pop,Asia,0.8637
2024-06,Pop,Asia,0.8844
2024-07,Pop,Asia,0.8807
2024-08,Pop,Asia,0.9045
2024-09,Pop,Asia,0.9211
2024-10,Pop,Asia,0.959
2024-11,Pop,Asia,0.9606
2024-12,Pop,Asia,0.9093
2025-01,Pop,Asia,0.8608
2025-02,Pop,Asia,0.8308
2025-03,Pop,Asia,0.8554
2025-04,Pop,Asia,0.8659
2025-05,Pop,Asia,0.8874
2025-06,Pop,Asia,0.8732
2023-10,R&B,Asia,0.0787
2023-11,R&B,Asia,0.0686
2023-12,R&B,Asia,0.0854
2024-01,R&B,Asia,0.0788
2024-02,R&B,Asia,0.071
2024-03,R&B,Asia,0.0594
2024-04,R&B,Asia,0.0498
2024-05,R&B,Asia,0.0786
2024-06,R&B,Asia,0.0686
2024-07,R&B,Asia,0.0675
2024-08,R&B,Asia,0.0425
2024-09,R&B,Asia,0.0314
2024-10,R&B,Asia,0.0255
2024-11,R&B,Asia,0.0173
2024-12,R&B,Asia,0.0395
2025-01,R&B,Asia,0.071
2025-02,R&B,Asia,0.061
2025-03,R&B,Asia,0.0502
2025-04,R&B,Asia,0.0567
2025-05,R&B,Asia,0.0474
2025-06,R&B,Asia,0.0524
2023-10,Rock,Asia,0.0239
2023-11,Rock,Asia,0.0181
2023-12,Rock,Asia,0.026
2024-01,Rock,Asia,0.0277
2024-02,Rock,Asia,0.0245
2024-03,Rock,Asia,0.015
2024-04,Rock,Asia,0.0142
2024-05,Rock,Asia,0.0077
2024-06,Rock,Asia,0.0068
2024-07,Rock,Asia,0.0074
2024-08,Rock,Asia,0.0073
2024-09,Rock,Asia,0.0077
2024-10,Rock,Asia,0.0069
2024-11,Rock,Asia,0.0085
2024-12,Rock,Asia,0.009
2025-01,Rock,Asia,0.0226
2025-02,Rock,Asia,0.0113
2025-03,Rock,Asia,0.0005
2025-04,Rock,Asia,0.0028
2025-05,Rock,Asia,0.0042
2025-06,Rock,Asia,0.0047
2024-01,Classical,EU,0.0042
2025-01,Classical,EU,0.0001
2023-10,Country,EU,0.0338
2023-11,Country,EU,0.0355
2023-12,Country,EU,0.0146
2024-01,Country,EU,0.0717
2024-02,Country,EU,0.0712
2024-03,Country,EU,0.031
2024-04,Country,EU,0.0152
2024-05,Country,EU,0.0119
2024-06,Country,EU,0.0435
2024-07,Country,EU,0.0217
2024-08,Country,EU,0.0153
2024-09,Country,EU,0.0165
2024-10,Country,EU,0.0448
2024-11,Country,EU,0.046
2024-12,Country,EU,0.0251
2025-01,Country,EU,0.0267
2025-02,Country,EU,0.0142
2025-03,Country,EU,0.0084
2025-04,Country,EU,0.0144
2025-05,Country,EU,0.0216
2025-06,Country,EU,0.0405
2023-10,Electronic,EU,0.1407
2023-11,Electronic,EU,0.1577
2023-12,Electronic,EU,0.121
2024-01,Electronic,EU,0.1579
2024-02,Electronic,EU,0.1276
2024-03,Electronic,EU,0.1123
2024-04,Electronic,EU,0.1194
2024-05,Electronic,EU,0.1297
2024-06,Electronic,EU,0.1555
2024-07,Electronic,EU,0.1683
2024-08,Electronic,EU,0.1488
2024-09,Electronic,EU,0.0995
2024-10,Electronic,EU,0.0837
2024-11,Electronic,EU,0.0385
2024-12,Electronic,EU,0.0304
2025-01,Electronic,EU,0.0726
2025-02,Electronic,EU,0.0255
2025-03,Electronic,EU,0.0236
2025-04,Electronic,EU,0.0354
2025-05,Electronic,EU,0.0363
2025-06,Electronic,EU,0.0506
2023-10,Hip-Hop,EU,0.2213
2023-11,Hip-Hop,EU,0.1796
2023-12,Hip-Hop,EU,0.1781
2024-01,Hip-Hop,EU,0.2898
2024-02,Hip-Hop,EU,0.2975
2024-03,Hip-Hop,EU,0.3145
2024-04,Hip-Hop,EU,0.2508
2024-05,Hip-Hop,EU,0.35
2024-06,Hip-Hop,EU,0.3246
2024-07,Hip-Hop,EU,0.3338
2024-08,Hip-Hop,EU,0.2498
2024-09,Hip-Hop,EU,0.2602
2024-10,Hip-Hop,EU,0.2256
2024-11,Hip-Hop,EU,0.2666
2024-12,Hip-Hop,EU,0.0898
2025-01,Hip-Hop,EU,0.0925
2025-02,Hip-Hop,EU,0.2527
2025-03,Hip-Hop,EU,0.3714
2025-04,Hip-Hop,EU,0.1821
2025-05,Hip-Hop,EU,0.0668
2025-06,Hip-Hop,EU,0.0816
2023-10,Latin,EU,0.0957
2023-11,Latin,EU,0.0727
2023-12,Latin,EU,0.0671
2024-01,Latin,EU,0.0504
2024-02,Latin,EU,0.0393
2024-03,Latin,EU,0.0328
2024-04,Latin,EU,0.08
2024-05,Latin,EU,0.0995
2024-06,Latin,EU,0.0948
2024-07,Latin,EU,0.1143
2024-08,Latin,EU,0.0946
2024-09,Latin,EU,0.0855
2024-10,Latin,EU,0.0833
2024-11,Latin,EU,0.0816
2024-12,Latin,EU,0.0679
2025-01,Latin,EU,0.2405
2025-02,Latin,EU,0.1638
2025-03,Latin,EU,0.1169
2025-04,Latin,EU,0.1479
2025-05,Latin,EU,0.2073
2025-06,Latin,EU,0.2025
2023-10,Pop,EU,0.3934
2023-11,Pop,EU,0.4297
2023-12,Pop,EU,0.4741
2024-01,Pop,EU,0.3117
2024-02,Pop,EU,0.3431
2024-03,Pop,EU,0.3652
2024-04,Pop,EU,0.413
2024-05,Pop,EU,0.306
2024-06,Pop,EU,0.3112
2024-07,Pop,EU,0.3348
2024-08,Pop,EU,0.4747
2024-09,Pop,EU,0.5303
2024-10,Pop,EU,0.552
2024-11,Pop,EU,0.5622
2024-12,Pop,EU,0.7406
2025-01,Pop,EU,0.5061
2025-02,Pop,EU,0.516
2025-03,Pop,EU,0.4631
2025-04,Pop,EU,0.5958
2025-05,Pop,EU,0.5697
2025-06,Pop,EU,0.5114
2023-10,R&B,EU,0.0633
2023-11,R&B,EU,0.0727
2023-12,R&B,EU,0.073
2024-01,R&B,EU,0.0713
2024-02,R&B,EU,0.0972
2024-03,R&B,EU,0.1295
2024-04,R&B,EU,0.1142
2024-05,R&B,EU,0.0959
2024-06,R&B,EU,0.0566
2024-07,R&B,EU,0.0133
2024-08,R&B,EU,0.0065
2024-09,R&B,EU,0.0009
2024-10,R&B,EU,0.0002
2024-11,R&B,EU,0.0004
2024-12,R&B,EU,0.0049
2025-01,R&B,EU,0.0342
2025-02,R&B,EU,0.018
2025-03,R&B,EU,0.0109
2025-04,R&B,EU,0.0208
2025-05,R&B,EU,0.0859
2025-06,R&B,EU,0.1013
2023-10,Rock,EU,0.0519
2023-11,Rock,EU,0.052
2023-12,Rock,EU,0.072
2024-01,Rock,EU,0.043
2024-02,Rock,EU,0.0241
2024-03,Rock,EU,0.0147
2024-04,Rock,EU,0.0074
2024-05,Rock,EU,0.0069
2024-06,Rock,EU,0.0139
2024-07,Rock,EU,0.0139
2024-08,Rock,EU,0.0103
2024-09,Rock,EU,0.0071
2024-10,Rock,EU,0.0103
2024-11,Rock,EU,0.0047
2024-12,Rock,EU,0.0412
2025-01,Rock,EU,0.0272
2025-02,Rock,EU,0.0098
2025-03,Rock,EU,0.0057
2025-04,Rock,EU,0.0036
2025-05,Rock,EU,0.0124
2025-06,Rock,EU,0.012
2023-10,Electronic,LatAm,0.0154
2023-11,Electronic,LatAm,0.0246
2023-12,Electronic,LatAm,0.0519
2024-01,Electronic,LatAm,0.0854
2024-02,Electronic,LatAm,0.0783
2024-03,Electronic,LatAm,0.0781
2024-04,Electronic,LatAm,0.0914
2024-05,Electronic,LatAm,0.0678
2024-06,Electronic,LatAm,0.04
2024-07,Electronic,LatAm,0.0116
2024-08,Electronic,LatAm,0.0221
2024-09,Electronic,LatAm,0.0292
2024-10,Electronic,LatAm,0.0546
2024-11,Electronic,LatAm,0.0825
2024-12,Electronic,LatAm,0.0881
2025-01,Electronic,LatAm,0.0358
2025-02,Electronic,LatAm,0.0381
2025-03,Electronic,LatAm,0.0658
2025-04,Electronic,LatAm,0.0742
2025-05,Electronic,LatAm,0.1153
2025-06,Electronic,LatAm,0.1233
2023-10,Hip-Hop,LatAm,0.0336
2023-11,Hip-Hop,LatAm,0.0464
2023-12,Hip-Hop,LatAm,0.051
2024-01,Hip-Hop,LatAm,0.0534
2024-02,Hip-Hop,LatAm,0.0741
2024-03,Hip-Hop,LatAm,0.0661
2024-04,Hip-Hop,LatAm,0.07
2024-05,Hip-Hop,LatAm,0.0945
2024-06,Hip-Hop,LatAm,0.0844
2024-07,Hip-Hop,LatAm,0.0741
2024-08,Hip-Hop,LatAm,0.067
2024-09,Hip-Hop,LatAm,0.0817
2024-10,Hip-Hop,LatAm,0.0624
2024-11,Hip-Hop,LatAm,0.0505
2024-12,Hip-Hop,LatAm,0.0453
2025-01,Hip-Hop,LatAm,0.0219
2025-02,Hip-Hop,LatAm,0.079
2025-03,Hip-Hop,LatAm,0.0446
2025-04,Hip-Hop,LatAm,0.0371
2025-05,Hip-Hop,LatAm,0.0355
2025-06,Hip-Hop,LatAm,0.033
2023-10,Latin,LatAm,0.8915
2023-11,Latin,LatAm,0.8616
2023-12,Latin,LatAm,0.8634
2024-01,Latin,LatAm,0.8091
2024-02,Latin,LatAm,0.8129
2024-03,Latin,LatAm,0.7983
2024-04,Latin,LatAm,0.7796
2024-05,Latin,LatAm,0.7952
2024-06,Latin,LatAm,0.7811
2024-07,Latin,LatAm,0.8355
2024-08,Latin,LatAm,0.7855
2024-09,Latin,LatAm,0.7327
2024-10,Latin,LatAm,0.7237
2024-11,Latin,LatAm,0.6554
2024-12,Latin,LatAm,0.6576
2025-01,Latin,LatAm,0.8068
2025-02,Latin,LatAm,0.7305
2025-03,Latin,LatAm,0.7388
2025-04,Latin,LatAm,0.7746
2025-05,Latin,LatAm,0.722
2025-06,Latin,LatAm,0.6983
2023-10,Pop,LatAm,0.0581
2023-11,Pop,LatAm,0.0654
2023-12,Pop,LatAm,0.0337
2024-01,Pop,LatAm,0.0519
2024-02,Pop,LatAm,0.0345
2024-03,Pop,LatAm,0.0552
2024-04,Pop,LatAm,0.0553
2024-05,Pop,LatAm,0.0423
2024-06,Pop,LatAm,0.0931
2024-07,Pop,LatAm,0.0788
2024-08,Pop,LatAm,0.1253
2024-09,Pop,LatAm,0.1564
2024-10,Pop,LatAm,0.1592
2024-11,Pop,LatAm,0.2116
2024-12,Pop,LatAm,0.209
2025-01,Pop,LatAm,0.1354
2025-02,Pop,LatAm,0.1523
2025-03,Pop,LatAm,0.1508
2025-04,Pop,LatAm,0.114
2025-05,Pop,LatAm,0.1272
2025-06,Pop,LatAm,0.1453
2023-10,R&B,LatAm,0.0014
2023-11,R&B,LatAm,0.0019
2024-01,R&B,LatAm,0.0001
2024-02,R&B,LatAm,0.0001
2024-03,R&B,LatAm,0.0023
2024-04,R&B,LatAm,0.0037
2024-05,R&B,LatAm,0.0003
2024-06,R&B,LatAm,0.0014
2025-02,R&B,LatAm,0.0001
2023-10,Country,US,0.1716
2023-11,Country,US,0.1893
2023-12,Country,US,0.1916
2024-01,Country,US,0.2268
2024-02,Country,US,0.2799
2024-03,Country,US,0.2016
2024-04,Country,US,0.1681
2024-05,Country,US,0.1886
2024-06,Country,US,0.3157
2024-07,Country,US,0.4131
2024-08,Country,US,0.3237
2024-09,Country,US,0.2711
2024-10,Country,US,0.2492
2024-11,Country,US,0.1791
2024-12,Country,US,0.029
2025-01,Country,US,0.0828
2025-02,Country,US,0.0619
2025-03,Country,US,0.0845
2025-04,Country,US,0.1587
2025-05,Country,US,0.353
2025-06,Country,US,0.2935
2023-12,Electronic,US,0.0063
2024-01,Electronic,US,0.0362
2024-10,Electronic,US,0.0243
2024-11,Electronic,US,0.0466
2025-02,Electronic,US,0.0059
2025-03,Electronic,US,0.0025
2025-05,Electronic,US,0.0047
2025-06,Electronic,US,0.0102
2023-10,Hip-Hop,US,0.2929
2023-11,Hip-Hop,US,0.2706
2023-12,Hip-Hop,US,0.3221
2024-01,Hip-Hop,US,0.4378
2024-02,Hip-Hop,US,0.467
2024-03,Hip-Hop,US,0.4238
2024-04,Hip-Hop,US,0.2847
2024-05,Hip-Hop,US,0.2894
2024-06,Hip-Hop,US,0.2423
2024-07,Hip-Hop,US,0.1634
2024-08,Hip-Hop,US,0.1268
2024-09,Hip-Hop,US,0.1537
2024-10,Hip-Hop,US,0.1268
2024-11,Hip-Hop,US,0.125
2024-12,Hip-Hop,US,0.186
2025-01,Hip-Hop,US,0.1248
2025-02,Hip-Hop,US,0.267
2025-03,Hip-Hop,US,0.3379
2025-04,Hip-Hop,US,0.262
2025-05,Hip-Hop,US,0.1854
2025-06,Hip-Hop,US,0.2355
2023-10,Latin,US,0.1236
2023-11,Latin,US,0.0597
2023-12,Latin,US,0.0211
2024-01,Latin,US,0.0142
2024-04,Latin,US,0.0333
2024-05,Latin,US,0.0344
2024-06,Latin,US,0.0387
2024-07,Latin,US,0.0476
2024-08,Latin,US,0.0256
2024-09,Latin,US,0.0224
2024-12,Latin,US,0.0024
2025-01,Latin,US,0.2991
2025-02,Latin,US,0.1357
2025-03,Latin,US,0.0708
2025-04,Latin,US,0.0406
2025-05,Latin,US,0.0354
2025-06,Latin,US,0.0307
2023-10,Pop,US,0.2838
2023-11,Pop,US,0.3736
2023-12,Pop,US,0.2737
2024-01,Pop,US,0.1795
2024-02,Pop,US,0.1352
2024-03,Pop,US,0.23
2024-04,Pop,US,0.3903
2024-05,Pop,US,0.4389
2024-06,Pop,US,0.3686
2024-07,Pop,US,0.3694
2024-08,Pop,US,0.5239
2024-09,Pop,US,0.5358
2024-10,Pop,US,0.5965
2024-11,Pop,US,0.6418
2024-12,Pop,US,0.6039
2025-01,Pop,US,0.3894
2025-02,Pop,US,0.4749
2025-03,Pop,US,0.4646
2025-04,Pop,US,0.4502
2025-05,Pop,US,0.2668
2025-06,Pop,US,0.3003
2023-10,R&B,US,0.1053
2023-11,R&B,US,0.1004
2023-12,R&B,US,0.1242
2024-01,R&B,US,0.1024
2024-02,R&B,US,0.1179
2024-03,R&B,US,0.1447
2024-04,R&B,US,0.1236
2024-05,R&B,US,0.0486
2024-06,R&B,US,0.0348
2024-09,R&B,US,0.0021
2024-10,R&B,US,0.0011
2024-11,R&B,US,0.0056
2024-12,R&B,US,0.1159
2025-01,R&B,US,0.0977
2025-02,R&B,US,0.0546
2025-03,R&B,US,0.0012
2025-04,R&B,US,0.0185
2025-05,R&B,US,0.0366
2025-06,R&B,US,0.0375
2023-10,Rock,US,0.0229
2023-11,Rock,US,0.0064
2023-12,Rock,US,0.0611
2024-01,Rock,US,0.0031
2024-07,Rock,US,0.0064
2024-09,Rock,US,0.0149
2024-10,Rock,US,0.0022
2024-11,Rock,US,0.0019
2024-12,Rock,US,0.0628
2025-01,Rock,US,0.0062
2025-03,Rock,US,0.0385
2025-04,Rock,US,0.0701
2025-05,Rock,US,0.1181
2025-06,Rock,US,0.0922
